<edmx:Edmx xmlns:edmx="http://docs.oasis-open.org/odata/ns/edmx" Version="4.0">
	<edmx:Reference Uri="http://docs.oasis-open.org/odata/odata-data-aggregation-ext/v4.0/cs02/vocabularies/Org.OData.Aggregation.V1.xml">
		<edmx:Include Alias="Aggregation" Namespace="Org.OData.Aggregation.V1"/>
	</edmx:Reference>
	<edmx:Reference Uri="http://docs.oasis-open.org/odata/odata/v4.0/errata03/os/complete/vocabularies/Org.OData.Capabilities.V1.xml">
		<edmx:Include Alias="Capabilities" Namespace="Org.OData.Capabilities.V1"/>
	</edmx:Reference>
	<edmx:Reference Uri="https://wiki.scn.sap.com/wiki/download/attachments/448470974/Common.xml?api=v2">
		<edmx:Include Alias="Common" Namespace="com.sap.vocabularies.Common.v1"/>
	</edmx:Reference>
	<edmx:Reference Uri="https://wiki.scn.sap.com/wiki/download/attachments/448470971/Communication.xml?api=v2">
		<edmx:Include Alias="vCard" Namespace="com.sap.vocabularies.Communication.v1"/>
	</edmx:Reference>
	<edmx:Reference Uri="http://docs.oasis-open.org/odata/odata/v4.0/errata03/os/complete/vocabularies/Org.OData.Core.V1.xml">
		<edmx:Include Alias="Core" Namespace="Org.OData.Core.V1"/>
	</edmx:Reference>
	<edmx:Reference Uri="http://docs.oasis-open.org/odata/odata/v4.0/errata03/os/complete/vocabularies/Org.OData.Measures.V1.xml">
		<edmx:Include Alias="CQP" Namespace="Org.OData.Measures.V1"/>
	</edmx:Reference>
	<edmx:Reference Uri="https://wiki.scn.sap.com/wiki/download/attachments/448470968/UI.xml?api=v2">
		<edmx:Include Alias="UI" Namespace="com.sap.vocabularies.UI.v1"/>
	</edmx:Reference>
	<edmx:DataServices>
		<Schema xmlns="http://docs.oasis-open.org/odata/ns/edm">
			<Annotations Target="jetCloud.apps.zjblessons.jblesson02.v01.01.zjblessons_base_MaterialsType">
				<Annotation Term="UI.PresentationVariant">
					<Record Type="UI.PresentationVariantType">
						<PropertyValue Property="SortOrder"/>
						<PropertyValue Property="GroupBy"/>
						<PropertyValue Property="TotalBy"/>
						<PropertyValue Property="Total"/>
						<PropertyValue Property="Visualizations"/>
						<PropertyValue Property="RequestAtLeast">
							<Collection>
								<PropertyPath>MaterialID</PropertyPath>
								<PropertyPath>Language</PropertyPath>
								<PropertyPath>Version</PropertyPath>
							</Collection>
						</PropertyValue>
					</Record>
				</Annotation>
				<Annotation Term="UI.SelectionFields">
					<Collection>
						<PropertyPath>MaterialText</PropertyPath>
						<PropertyPath>CreatedByFullName</PropertyPath>
						<PropertyPath>RegionText</PropertyPath>
						<PropertyPath>PlantText</PropertyPath>
						<PropertyPath>Created</PropertyPath>
					</Collection>
				</Annotation>
				<Annotation Term="UI.LineItem">
					<Collection>
						<Record Type="UI.DataField">
							<PropertyValue Property="Value" Path="MaterialText"/>
						</Record>
						<Record Type="UI.DataField">
							<PropertyValue Property="Value" Path="MaterialDescription"/>
						</Record>
						<Record Type="UI.DataField">
							<PropertyValue Property="Value" Path="RegionText"/>
						</Record>
						<Record Type="UI.DataField">
							<PropertyValue Property="Value" Path="PlantText"/>
						</Record>
						<Record Type="UI.DataField">
							<PropertyValue Property="Value" Path="CreatedBy"/>
						</Record>
						<Record Type="UI.DataField">
							<PropertyValue Property="Value" Path="CreatedByFullName"/>
						</Record>
						<Record Type="UI.DataField">
							<PropertyValue Property="Value" Path="ModifiedBy"/>
						</Record>
						<Record Type="UI.DataField">
							<PropertyValue Property="Value" Path="ModifiedByFullName"/>
						</Record>
					</Collection>
				</Annotation>
			</Annotations>
			<Annotations Target="jetCloud.apps.zjblessons.jblesson02.v01.01.zjblessons_base_MaterialsType/RegionText">
				<Annotation Term="Common.ValueList">
					<Record Type="Common.ValueListType">
						<PropertyValue Property="CollectionPath" String="zjblessons_base_Regions"/>
						<PropertyValue Property="Parameters">
							<Collection>
								<Record Type="Common.ValueListParameterInOut">
									<PropertyValue Property="LocalDataProperty" PropertyPath="RegionText"/>
									<PropertyValue Property="ValueListProperty" String="RegionText"/>
								</Record>
								<Record Type="Common.ValueListParameterDisplayOnly">
									<PropertyValue Property="ValueListProperty" Path="RegionText"/>
								</Record>
								<Record Type="Common.ValueListParameterOut">
									<PropertyValue Property="LocalDataProperty" PropertyPath="RegionID"/>
									<PropertyValue Property="ValueListProperty" String="RegionID"/>
								</Record>
							</Collection>
						</PropertyValue>
					</Record>
				</Annotation>
				<Annotation Term="Common.Label" String="{@i18n&gt;region}"/>
			</Annotations>
			<Annotations Target="jetCloud.apps.zjblessons.jblesson02.v01.01.zjblessons_base_MaterialsType/Created">
				<Annotation Term="Common.ValueListWithFixedValues"/>
				<Annotation Term="Common.IsCalendarYear"/>
				<Annotation Term="Common.ValueList">
					<Record Type="Common.ValueListType">
						<PropertyValue Property="CollectionPath" String="zjblessons_base_Materials?$select=Created"/>
						<PropertyValue Property="Parameters">
							<Collection>
								<Record Type="Common.ValueListParameterInOut">
									<PropertyValue Property="LocalDataProperty" PropertyPath="Created"/>
									<PropertyValue Property="ValueListProperty" String="Created"/>
								</Record>
							</Collection>
						</PropertyValue>
					</Record>
				</Annotation>
				<Annotation Term="Common.Label" String="{@i18n&gt;tableCreated}"/>
			</Annotations>
			<Annotations Target="jetCloud.apps.zjblessons.jblesson02.v01.01.zjblessons_base_MaterialsType/CreatedBy">
				<Annotation Term="Common.Label" String="{@i18n&gt;tableCreatedBy}"/>
			</Annotations>
			<Annotations Target="jetCloud.apps.zjblessons.jblesson02.v01.01.zjblessons_base_MaterialsType/CreatedByAvatar">
				<Annotation Term="Common.Label" String="{@i18n&gt;createdByAvatar}"/>
			</Annotations>
			<Annotations Target="jetCloud.apps.zjblessons.jblesson02.v01.01.zjblessons_base_MaterialsType/CreatedByFullName">
				<Annotation Term="Common.Label" String="{@i18n&gt;tableCreatedByFullName}"/>
			</Annotations>
			<Annotations Target="jetCloud.apps.zjblessons.jblesson02.v01.01.zjblessons_base_MaterialsType/GroupID">
				<Annotation Term="Common.Label" String="{@i18n&gt;tableGroupId}"/>
			</Annotations>
			<Annotations Target="jetCloud.apps.zjblessons.jblesson02.v01.01.zjblessons_base_MaterialsType/GroupText">
				<Annotation Term="Common.Label" String="{@i18n&gt;groupText}"/>
			</Annotations>
			<Annotations Target="jetCloud.apps.zjblessons.jblesson02.v01.01.zjblessons_base_MaterialsType/IntegrationID">
				<Annotation Term="UI.Hidden"/>
				<Annotation Term="Common.Label" String="{@i18n&gt;integrationId}"/>
			</Annotations>
			<Annotations Target="jetCloud.apps.zjblessons.jblesson02.v01.01.zjblessons_base_MaterialsType/Language">
				<Annotation Term="UI.Hidden"/>
				<Annotation Term="Common.Label" String="{@i18n&gt;language}"/>
			</Annotations>
			<Annotations Target="jetCloud.apps.zjblessons.jblesson02.v01.01.zjblessons_base_MaterialsType/MaterialDescription">
				<Annotation Term="Common.Label" String="{@i18n&gt;materialDescription}"/>
			</Annotations>
			<Annotations Target="jetCloud.apps.zjblessons.jblesson02.v01.01.zjblessons_base_MaterialsType/MaterialID">
				<Annotation Term="UI.Hidden"/>
				<Annotation Term="Common.Label" String="{@i18n&gt;materrialId}"/>
			</Annotations>
			<Annotations Target="jetCloud.apps.zjblessons.jblesson02.v01.01.zjblessons_base_MaterialsType/MaterialText">
				<Annotation Term="Common.ValueListWithFixedValues"/>
				<Annotation Term="Common.ValueList">
					<Record Type="Common.ValueListType">
						<PropertyValue Property="CollectionPath" String="zjblessons_base_Materials?$select=MaterialText"/>
						<PropertyValue Property="Parameters">
							<Collection>
								<Record Type="Common.ValueListParameterInOut">
									<PropertyValue Property="LocalDataProperty" PropertyPath="MaterialText"/>
									<PropertyValue Property="ValueListProperty" String="MaterialText"/>
								</Record>
							</Collection>
						</PropertyValue>
					</Record>
				</Annotation>
				<Annotation Term="Common.Label" String="{@i18n&gt;tableNameColumnTitle}"/>
			</Annotations>
			<Annotations Target="jetCloud.apps.zjblessons.jblesson02.v01.01.zjblessons_base_MaterialsType/Modified">
				<Annotation Term="Common.IsCalendarDate"/>
				<Annotation Term="Common.Label" String="{@i18n&gt;tableModified}"/>
			</Annotations>
			<Annotations Target="jetCloud.apps.zjblessons.jblesson02.v01.01.zjblessons_base_MaterialsType/ModifiedBy">
				<Annotation Term="Common.Label" String="{@i18n&gt;tableModifiedBy}"/>
			</Annotations>
			<Annotations Target="jetCloud.apps.zjblessons.jblesson02.v01.01.zjblessons_base_MaterialsType/ModifiedByAvatar">
				<Annotation Term="Common.Label" String="{@i18n&gt;modifiedByAvatar}"/>
			</Annotations>
			<Annotations Target="jetCloud.apps.zjblessons.jblesson02.v01.01.zjblessons_base_MaterialsType/ModifiedByFullName">
				<Annotation Term="Common.Label" String="{@i18n&gt;tableModifiedByFullName}"/>
			</Annotations>
			<Annotations Target="jetCloud.apps.zjblessons.jblesson02.v01.01.zjblessons_base_MaterialsType/PlantID">
				<Annotation Term="Common.Label" String="{@i18n&gt;plantId}"/>
			</Annotations>
			<Annotations Target="jetCloud.apps.zjblessons.jblesson02.v01.01.zjblessons_base_MaterialsType/RegionID">
				<Annotation Term="Common.Label" String="{@i18n&gt;regionId}"/>
			</Annotations>
			<Annotations Target="jetCloud.apps.zjblessons.jblesson02.v01.01.zjblessons_base_MaterialsType/SubGroupID">
				<Annotation Term="Common.Label" String="{@i18n&gt;tableSubGroupId}"/>
			</Annotations>
			<Annotations Target="jetCloud.apps.zjblessons.jblesson02.v01.01.zjblessons_base_MaterialsType/PlantText">
				<Annotation Term="Common.ValueListWithFixedValues"/>
				<Annotation Term="Common.ValueList">
					<Record Type="Common.ValueListType">
						<PropertyValue Property="CollectionPath" String="zjblessons_base_Plants"/>
						<PropertyValue Property="Parameters">
							<Collection>
								<Record Type="Common.ValueListParameterInOut">
									<PropertyValue Property="LocalDataProperty" PropertyPath="PlantText"/>
									<PropertyValue Property="ValueListProperty" String="PlantText"/>
								</Record>
								<Record Type="Common.ValueListParameterOut">
									<PropertyValue Property="LocalDataProperty" PropertyPath="PlantID"/>
									<PropertyValue Property="ValueListProperty" String="PlantID"/>
								</Record>
								<Record Type="Common.ValueListParameterIn">
									<PropertyValue Property="LocalDataProperty" PropertyPath="RegionID"/>
									<PropertyValue Property="ValueListProperty" String="RegionID"/>
								</Record>
							</Collection>
						</PropertyValue>
					</Record>
				</Annotation>
				<Annotation Term="Common.Label" String="{@i18n&gt;plantText}"/>
			</Annotations>
			<Annotations Target="jetCloud.apps.zjblessons.jblesson02.v01.01.zjblessons_base_MaterialsType/Version">
				<Annotation Term="UI.HiddenFilter"/>
				<Annotation Term="UI.Hidden"/>
				<Annotation Term="Common.Label" String="{@i18n&gt;version}"/>
			</Annotations>
		</Schema>
	</edmx:DataServices>
</edmx:Edmx>